<?xml version="1.0" encoding="utf-8"?>
<helpItems xmlns="http://msh" schema="maml">
<!-- v 1.3.0.36 -->
<command:command xmlns:maml="http://schemas.microsoft.com/maml/2004/10" xmlns:command="http://schemas.microsoft.com/maml/dev/command/2004/10" xmlns:dev="http://schemas.microsoft.com/maml/dev/2004/10">
	<command:details>
		<command:name>
                   Convert-MsolDomainToFederated
		</command:name>
		<maml:description>
			<maml:para>標準認証の使用からシングル サインオン (別名、ID フェデレーション) の使用にドメインを変換します。</maml:para>
		</maml:description>
		<maml:copyright>
			<maml:para></maml:para>
		</maml:copyright>
		<command:verb>Convert</command:verb>
		<command:noun>MsolDomainToFederated</command:noun>
		<dev:version></dev:version>
	</command:details>
	<maml:description>
		<maml:para>Convert-MSOLDomainToFederated コマンドレットは、指定されたドメインを標準認証からシングル サインオン (別名、ID フェデレーション) に変換します。これには、Active Directory フェデレーション サービス 2.0 サーバーと Microsoft Online 間の証明書利用者の信頼の構成も含まれます。ドメインを標準認証からシングル サインオンに変換する処理の過程で、各ユーザーも変換される必要があります。この変換は次回ユーザーがサインインするときに自動的に行われるため、管理者の操作は必要ありません。</maml:para>
	</maml:description>
	<!-- Cmdlet syntax section-->
	<command:syntax>
		<command:syntaxItem>
			<maml:name>Convert-MsolDomainToFederated</maml:name>
			<command:parameter required="true" variableLength="false" globbing="false" pipelineInput="false" position="named">
				<maml:name>DomainName</maml:name>
				<maml:description>
					<maml:para>シングル サインオン (別名、ID フェデレーション) に変換するドメインの名前。</maml:para>
				</maml:description>
				<command:parameterValue required="true" variableLength="false">string</command:parameterValue>
			</command:parameter>
			<command:parameter required="false" variableLength="false" globbing="false" pipelineInput="false" position="named">
				<maml:name>SupportMultipleDomain</maml:name>
				<maml:description>
					<maml:para></maml:para>
				</maml:description>
			</command:parameter>
			<command:parameter required="false" variableLength="true" globbing="false" pipelineInput="false" position="named">
   			 <maml:name>Confirm</maml:name>
    			<maml:description>
				<maml:para>コマンドの実行前に確認メッセージを表示します。</maml:para>
    			</maml:description>
			</command:parameter>
			<command:parameter required="false" variableLength="true" globbing="false" pipelineInput="false" position="named">
   			 <maml:name>WhatIf</maml:name>
    			<maml:description>
				<maml:para>コマンドを実行した場合の動作を説明します。ただし、実際にはコマンドは実行されません。</maml:para>
    			</maml:description>
			</command:parameter>
		</command:syntaxItem>
	</command:syntax>
	<!-- Cmdlet parameter section  -->
	<command:parameters>
		<command:parameter required="true" variableLength="false" globbing="false" pipelineInput="false" position="named">
			<maml:name>DomainName</maml:name>
			<maml:description>
				<maml:para>シングル サインオン (別名、ID フェデレーション) に変換するドメインの名前。</maml:para>
								
			</maml:description>
			<command:parameterValue required="true" variableLength="false">string</command:parameterValue>
			<dev:type>
				<maml:name>string</maml:name>
				<maml:uri/>
			</dev:type>
			<dev:defaultValue></dev:defaultValue>
		</command:parameter>
		<command:parameter required="false" variableLength="false" globbing="false" pipelineInput="false" position="named">
			<maml:name>SupportMultipleDomain</maml:name>
			<maml:description>
				<maml:para></maml:para>
								
			</maml:description>
			<command:parameterValue required="false" variableLength="false">SwitchParameter</command:parameterValue>
			<dev:type>
				<maml:name>SwitchParameter</maml:name>
				<maml:uri/>
			</dev:type>
			<dev:defaultValue></dev:defaultValue>
		</command:parameter>
			<command:parameter required="false" variableLength="true" globbing="false" pipelineInput="false" position="named">
   			 <maml:name>Confirm</maml:name>
    			<maml:description>
				<maml:para>コマンドの実行前に確認メッセージを表示します。</maml:para>
    			</maml:description>
    			<command:parameterValue required="false" variableLength="false">SwitchParameter</command:parameterValue>	
				<dev:type>
  				<maml:name>SwitchParameter</maml:name> 
					<maml:uri/> 
					</dev:type>
 			<dev:defaultValue/> 
			</command:parameter>
			<command:parameter required="false" variableLength="true" globbing="false" pipelineInput="false" position="named">
   			 <maml:name>WhatIf</maml:name>
    			<maml:description>
				<maml:para>コマンドを実行した場合の動作を説明します。ただし、実際にはコマンドは実行されません。</maml:para>
    			</maml:description>
    			<command:parameterValue required="false" variableLength="false">SwitchParameter</command:parameterValue>	
				<dev:type>
  				<maml:name>SwitchParameter</maml:name> 
					<maml:uri/> 
					</dev:type>
 			<dev:defaultValue/> 
			</command:parameter>
	</command:parameters>
	<!-- Input - Output section-->
	<command:inputTypes>
		<command:inputType>
			<dev:type>
				<maml:name></maml:name>
				<maml:uri/>
				<maml:description/>
			</dev:type>
			<maml:description>
				<maml:para>
					<!-- description  -->
					
				</maml:para>
			</maml:description>
		</command:inputType>
	</command:inputTypes>
	<command:returnValues>
		<command:returnValue>
			<dev:type>
				<maml:name></maml:name>
				<maml:uri/>
				<maml:description/>
			</dev:type>   
			<maml:description>
				<maml:para>
					<!-- description  -->
					
				</maml:para>
			</maml:description> 
		</command:returnValue>
	</command:returnValues>
	<!-- Error section-->
	<command:terminatingErrors/>
	<command:nonTerminatingErrors/>
		<!-- Notes section  -->
	<maml:alertSet>
		<maml:title></maml:title>
		<maml:alert>
			<maml:para>
                          
                        </maml:para>
		</maml:alert>
		<maml:alert>
			<maml:para></maml:para>
		</maml:alert>
	</maml:alertSet>
	<!-- Example section  --> 
	<command:examples>
    <command:example>
      <maml:title>Example 1: Convert the domain to federated</maml:title>
      <dev:code>PS C:\&gt;Convert-MsolDomainToFederated -DomainName Contoso.com</dev:code>
      <dev:remarks>
        <maml:para>Convert a managed domain name called 'contoso.com' to federated authentication and use an on-premise Active Directory Federation Services (ADFS) server.</maml:para>
      </dev:remarks>
    </command:example>
    <command:example>
      <maml:title>Example 2: Convert the domain while allowing for multiple domain support</maml:title>
      <dev:code>PS C:\&gt;Convert-MsolDomainToFederated -DomainName Contoso.com -SupportMultipleDomain</dev:code>
      <dev:remarks>
        <maml:para>Use the SupportMultipleDomain switch if you need support for multiple top-level domains.</maml:para>
      </dev:remarks>
    </command:example>
  </command:examples>
	<!-- Link section  -->
	<maml:relatedLinks>
		<maml:navigationLink>
			<maml:linkText></maml:linkText>
			<maml:uri/>
		</maml:navigationLink>
	</maml:relatedLinks>
</command:command>

<!-- v 1.3.0.36 -->
<command:command xmlns:maml="http://schemas.microsoft.com/maml/2004/10" xmlns:command="http://schemas.microsoft.com/maml/dev/command/2004/10" xmlns:dev="http://schemas.microsoft.com/maml/dev/2004/10">
	<command:details>
		<command:name>
                   Convert-MsolDomainToStandard
		</command:name>
		<maml:description>
			<maml:para>シングル サインオン (別名、ID フェデレーション) の使用から標準認証の使用にドメインを変換します。</maml:para>
		</maml:description>
		<maml:copyright>
			<maml:para></maml:para>
		</maml:copyright>
		<command:verb>Convert</command:verb>
		<command:noun>MsolDomainToStandard</command:noun>
		<dev:version></dev:version>
	</command:details>
	<maml:description>
		<maml:para>Convert-MsolDomainToStandard コマンドレットは、指定されたドメインをシングル サインオン (別名、ID フェデレーション) から標準認証に変換します。この処理によって、Active Directory フェデレーション サービス 2.0 サーバーおよび Microsoft Online の証明書利用者の信頼の設定も削除されます。ドメインの変換後、このコマンドレットはすべての既存のユーザーをシングル サインオンから標準認証に変換します。変換プロセスの一部として、シングル サインオン用に構成されている既存のすべてのユーザーに新しい一時パスワードが与えられます。変換された各ユーザーの名前と新しい一時パスワードは管理者の参照用にファイルに記録されます。管理者は変換された各ユーザーに新しい一時パスワードを配布して、ユーザーが Microsoft Online Services にサインインできるようにします。</maml:para>
	</maml:description>
	<!-- Cmdlet syntax section-->
	<command:syntax>
		<command:syntaxItem>
			<maml:name>Convert-MsolDomainToStandard</maml:name>
			<command:parameter required="true" variableLength="false" globbing="false" pipelineInput="false" position="named">
				<maml:name>DomainName</maml:name>
				<maml:description>
					<maml:para>シングル サインオン (別名、ID フェデレーション) から標準認証に変換するドメインの名前。</maml:para>
				</maml:description>
				<command:parameterValue required="true" variableLength="false">string</command:parameterValue>
			</command:parameter>
			<command:parameter required="true" variableLength="false" globbing="false" pipelineInput="false" position="named">
				<maml:name>PasswordFile</maml:name>
				<maml:description>
					<maml:para>変換されたユーザーのユーザー名と一時パスワードが記録されるファイル。</maml:para>
				</maml:description>
				<command:parameterValue required="true" variableLength="false">string</command:parameterValue>
			</command:parameter>
			<command:parameter required="true" variableLength="false" globbing="false" pipelineInput="false" position="named">
				<maml:name>SkipUserConversion</maml:name>
				<maml:description>
					<maml:para>True に設定すると、操作の一部としてユーザーの変換は行われません。管理者はもう一度コマンドレットを実行して、後でユーザーを変換することができます。</maml:para>
				</maml:description>
				<command:parameterValue required="true" variableLength="false">Boolean</command:parameterValue>
			</command:parameter>
			<command:parameter required="false" variableLength="true" globbing="false" pipelineInput="false" position="named">
   			 <maml:name>Confirm</maml:name>
    			<maml:description>
				<maml:para>コマンドの実行前に確認メッセージを表示します。</maml:para>
    			</maml:description>
			</command:parameter>
			<command:parameter required="false" variableLength="true" globbing="false" pipelineInput="false" position="named">
   			 <maml:name>WhatIf</maml:name>
    			<maml:description>
				<maml:para>コマンドを実行した場合の動作を説明します。ただし、実際にはコマンドは実行されません。</maml:para>
    			</maml:description>
			</command:parameter>
		</command:syntaxItem>
	</command:syntax>
	<!-- Cmdlet parameter section  -->
	<command:parameters>
		<command:parameter required="true" variableLength="false" globbing="false" pipelineInput="false" position="named">
			<maml:name>DomainName</maml:name>
			<maml:description>
				<maml:para>シングル サインオン (別名、ID フェデレーション) から標準認証に変換するドメインの名前。</maml:para>
								
			</maml:description>
			<command:parameterValue required="true" variableLength="false">string</command:parameterValue>
			<dev:type>
				<maml:name>string</maml:name>
				<maml:uri/>
			</dev:type>
			<dev:defaultValue></dev:defaultValue>
		</command:parameter>
		<command:parameter required="true" variableLength="false" globbing="false" pipelineInput="false" position="named">
			<maml:name>PasswordFile</maml:name>
			<maml:description>
				<maml:para>変換されたユーザーのユーザー名と一時パスワードが記録されるファイル。</maml:para>
								
			</maml:description>
			<command:parameterValue required="true" variableLength="false">string</command:parameterValue>
			<dev:type>
				<maml:name>string</maml:name>
				<maml:uri/>
			</dev:type>
			<dev:defaultValue></dev:defaultValue>
		</command:parameter>
		<command:parameter required="true" variableLength="false" globbing="false" pipelineInput="false" position="named">
			<maml:name>SkipUserConversion</maml:name>
			<maml:description>
				<maml:para>True に設定すると、操作の一部としてユーザーの変換は行われません。管理者はもう一度コマンドレットを実行して、後でユーザーを変換することができます。</maml:para>
								
			</maml:description>
			<command:parameterValue required="true" variableLength="false">Boolean</command:parameterValue>
			<dev:type>
				<maml:name>Boolean</maml:name>
				<maml:uri/>
			</dev:type>
			<dev:defaultValue></dev:defaultValue>
		</command:parameter>
			<command:parameter required="false" variableLength="true" globbing="false" pipelineInput="false" position="named">
   			 <maml:name>Confirm</maml:name>
    			<maml:description>
				<maml:para>コマンドの実行前に確認メッセージを表示します。</maml:para>
    			</maml:description>
    			<command:parameterValue required="false" variableLength="false">SwitchParameter</command:parameterValue>	
				<dev:type>
  				<maml:name>SwitchParameter</maml:name> 
					<maml:uri/> 
					</dev:type>
 			<dev:defaultValue/> 
			</command:parameter>
			<command:parameter required="false" variableLength="true" globbing="false" pipelineInput="false" position="named">
   			 <maml:name>WhatIf</maml:name>
    			<maml:description>
				<maml:para>コマンドを実行した場合の動作を説明します。ただし、実際にはコマンドは実行されません。</maml:para>
    			</maml:description>
    			<command:parameterValue required="false" variableLength="false">SwitchParameter</command:parameterValue>	
				<dev:type>
  				<maml:name>SwitchParameter</maml:name> 
					<maml:uri/> 
					</dev:type>
 			<dev:defaultValue/> 
			</command:parameter>
	</command:parameters>
	<!-- Input - Output section-->
	<command:inputTypes>
		<command:inputType>
			<dev:type>
				<maml:name></maml:name>
				<maml:uri/>
				<maml:description/>
			</dev:type>
			<maml:description>
				<maml:para>
					<!-- description  -->
					
				</maml:para>
			</maml:description>
		</command:inputType>
	</command:inputTypes>
	<command:returnValues>
		<command:returnValue>
			<dev:type>
				<maml:name></maml:name>
				<maml:uri/>
				<maml:description/>
			</dev:type>   
			<maml:description>
				<maml:para>
					<!-- description  -->
					
				</maml:para>
			</maml:description> 
		</command:returnValue>
	</command:returnValues>
	<!-- Error section-->
	<command:terminatingErrors/>
	<command:nonTerminatingErrors/>
		<!-- Notes section  -->
	<maml:alertSet>
		<maml:title></maml:title>
		<maml:alert>
			<maml:para>
                          
                        </maml:para>
		</maml:alert>
		<maml:alert>
			<maml:para></maml:para>
		</maml:alert>
	</maml:alertSet>
	<!-- Example section  --> 
	<command:examples>
    <command:example>
      <maml:title>Example 1: Converts the domain from using single sign-on to using standard authentication.</maml:title>
      <dev:code>PS C:\&gt;Convert-MsolDomainToStandard -DomainName Contoso.com -PasswordFile Passwords.txt</dev:code>
      <dev:remarks>
        <maml:para>The Convert-MsolDomainToStandard cmdlet converts the specified domain from single sign-on (also known as identity federation) to standard authentication. Single sign-on is also known as identity federation.</maml:para>
      </dev:remarks>
    </command:example>
    <command:example>
      <maml:title>Example 2: Converts the domain from using single sign-on to using standard authentication while skipping user conversion.</maml:title>
      <dev:code>PS C:\&gt;Convert-MsolDomainToStandard -DomainName Contoso.com -PasswordFile Passwords.txt -SkipUserConversion $true</dev:code>
      <dev:remarks>
        <maml:para>Converts the domain while skipping user conversion.</maml:para>
      </dev:remarks>
    </command:example>
	</command:examples>
	<!-- Link section  -->
	<maml:relatedLinks>
		<maml:navigationLink>
			<maml:linkText></maml:linkText>
			<maml:uri/>
		</maml:navigationLink>
	</maml:relatedLinks>
</command:command>

<!-- v 1.3.0.36 -->
<command:command xmlns:maml="http://schemas.microsoft.com/maml/2004/10" xmlns:command="http://schemas.microsoft.com/maml/dev/command/2004/10" xmlns:dev="http://schemas.microsoft.com/maml/dev/2004/10">
	<command:details>
		<command:name>
                   Get-MsolFederationProperty
		</command:name>
		<maml:description>
			<maml:para>指定されたドメインについて、Active Directory フェデレーション サービス 2.0 サーバーおよび Microsoft Online のプロパティを表示します。</maml:para>
		</maml:description>
		<maml:copyright>
			<maml:para></maml:para>
		</maml:copyright>
		<command:verb>Get</command:verb>
		<command:noun>MsolFederationProperty</command:noun>
		<dev:version></dev:version>
	</command:details>
	<maml:description>
		<maml:para>Get-MSOLFederationProperty コマンドレットは、Active Directory フェデレーション サービス 2.0 サーバーと Microsoft Online の両方からキー設定を取得します。この情報を参考にして、Active Directory フェデレーション サービス 2.0 サーバーと Microsoft Online 間の設定の不一致に起因する認証問題をトラブルシューティングできます。</maml:para>
	</maml:description>
	<!-- Cmdlet syntax section-->
	<command:syntax>
		<command:syntaxItem>
			<maml:name>Get-MsolFederationProperty</maml:name>
			<command:parameter required="true" variableLength="false" globbing="false" pipelineInput="false" position="named">
				<maml:name>DomainName</maml:name>
				<maml:description>
					<maml:para>Active Directory フェデレーション サービス 2.0 サーバーと Microsoft Online の両方のプロパティが表示されるドメインの名前。</maml:para>
				</maml:description>
				<command:parameterValue required="true" variableLength="false">string</command:parameterValue>
			</command:parameter>
			<command:parameter required="false" variableLength="false" globbing="false" pipelineInput="false" position="named">
				<maml:name>SupportMultipleDomain</maml:name>
				<maml:description>
					<maml:para></maml:para>
				</maml:description>
			</command:parameter>
		</command:syntaxItem>
	</command:syntax>
	<!-- Cmdlet parameter section  -->
	<command:parameters>
		<command:parameter required="true" variableLength="false" globbing="false" pipelineInput="false" position="named">
			<maml:name>DomainName</maml:name>
			<maml:description>
				<maml:para>Active Directory フェデレーション サービス 2.0 サーバーと Microsoft Online の両方のプロパティが表示されるドメインの名前。</maml:para>
								
			</maml:description>
			<command:parameterValue required="true" variableLength="false">string</command:parameterValue>
			<dev:type>
				<maml:name>string</maml:name>
				<maml:uri/>
			</dev:type>
			<dev:defaultValue></dev:defaultValue>
		</command:parameter>
		<command:parameter required="false" variableLength="false" globbing="false" pipelineInput="false" position="named">
			<maml:name>SupportMultipleDomain</maml:name>
			<maml:description>
				<maml:para></maml:para>
								
			</maml:description>
			<command:parameterValue required="false" variableLength="false">SwitchParameter</command:parameterValue>
			<dev:type>
				<maml:name>SwitchParameter</maml:name>
				<maml:uri/>
			</dev:type>
			<dev:defaultValue></dev:defaultValue>
		</command:parameter>
	</command:parameters>
	<!-- Input - Output section-->
	<command:inputTypes>
		<command:inputType>
			<dev:type>
				<maml:name></maml:name>
				<maml:uri/>
				<maml:description/>
			</dev:type>
			<maml:description>
				<maml:para>
					<!-- description  -->
					
				</maml:para>
			</maml:description>
		</command:inputType>
	</command:inputTypes>
	<command:returnValues>
		<command:returnValue>
			<dev:type>
				<maml:name></maml:name>
				<maml:uri/>
				<maml:description/>
			</dev:type>   
			<maml:description>
				<maml:para>
					<!-- description  -->
					
				</maml:para>
			</maml:description> 
		</command:returnValue>
	</command:returnValues>
	<!-- Error section-->
	<command:terminatingErrors/>
	<command:nonTerminatingErrors/>
		<!-- Notes section  -->
	<maml:alertSet>
		<maml:title></maml:title>
		<maml:alert>
			<maml:para>
                          
                        </maml:para>
		</maml:alert>
		<maml:alert>
			<maml:para></maml:para>
		</maml:alert>
	</maml:alertSet>
	<!-- Example section  --> 
	<command:examples>
	</command:examples>
	<!-- Link section  -->
	<maml:relatedLinks>
		<maml:navigationLink>
			<maml:linkText></maml:linkText>
			<maml:uri/>
		</maml:navigationLink>
	</maml:relatedLinks>
</command:command>

<!-- v 1.3.0.36 -->
<command:command xmlns:maml="http://schemas.microsoft.com/maml/2004/10" xmlns:command="http://schemas.microsoft.com/maml/dev/command/2004/10" xmlns:dev="http://schemas.microsoft.com/maml/dev/2004/10">
	<command:details>
		<command:name>
                   New-MsolFederatedDomain
		</command:name>
		<maml:description>
			<maml:para>Microsoft Online Services に新しいシングル サインオン ドメイン (別名、ID フェデレーション ドメイン) を追加し、Active Directory フェデレーション サービス 2.0 サーバーと Microsoft Online 間の証明書利用者の信頼を確立します。</maml:para>
		</maml:description>
		<maml:copyright>
			<maml:para></maml:para>
		</maml:copyright>
		<command:verb>New</command:verb>
		<command:noun>MsolFederatedDomain</command:noun>
		<dev:version></dev:version>
	</command:details>
	<maml:description>
		<maml:para>Add-MSOLFederatedDomain コマンドレットは、新しいシングル サインオン ドメイン (別名、ID フェデレーション ドメイン) を Microsoft Online Services に追加し、内部設置型の Active Directory フェデレーション サービス 2.0 サーバーと Microsoft Online 間の証明書利用者の信頼設定を構成します。ドメイン確認の要件によっては、新しいシングル サインオン ドメインの処理を完了するためにこのコマンドレットを何度か実行する必要があります。

</maml:para>
	</maml:description>
	<!-- Cmdlet syntax section-->
	<command:syntax>
		<command:syntaxItem>
			<maml:name>New-MsolFederatedDomain</maml:name>
			<command:parameter required="true" variableLength="false" globbing="false" pipelineInput="false" position="named">
				<maml:name>DomainName</maml:name>
				<maml:description>
					<maml:para>Microsoft Online に作成する新しいシングル サインオン ドメイン (別名、ID フェデレーション ドメイン) の名前。</maml:para>
				</maml:description>
				<command:parameterValue required="true" variableLength="false">string</command:parameterValue>
			</command:parameter>
			<command:parameter required="false" variableLength="false" globbing="false" pipelineInput="false" position="named">
				<maml:name>SupportMultipleDomain</maml:name>
				<maml:description>
					<maml:para></maml:para>
				</maml:description>
			</command:parameter>
			<command:parameter required="false" variableLength="true" globbing="false" pipelineInput="false" position="named">
   			 <maml:name>Confirm</maml:name>
    			<maml:description>
				<maml:para>コマンドの実行前に確認メッセージを表示します。</maml:para>
    			</maml:description>
			</command:parameter>
			<command:parameter required="false" variableLength="true" globbing="false" pipelineInput="false" position="named">
   			 <maml:name>WhatIf</maml:name>
    			<maml:description>
				<maml:para>コマンドを実行した場合の動作を説明します。ただし、実際にはコマンドは実行されません。</maml:para>
    			</maml:description>
			</command:parameter>
		</command:syntaxItem>
	</command:syntax>
	<!-- Cmdlet parameter section  -->
	<command:parameters>
		<command:parameter required="true" variableLength="false" globbing="false" pipelineInput="false" position="named">
			<maml:name>DomainName</maml:name>
			<maml:description>
				<maml:para>Microsoft Online に作成する新しいシングル サインオン ドメイン (別名、ID フェデレーション ドメイン) の名前。</maml:para>
								
			</maml:description>
			<command:parameterValue required="true" variableLength="false">string</command:parameterValue>
			<dev:type>
				<maml:name>string</maml:name>
				<maml:uri/>
			</dev:type>
			<dev:defaultValue></dev:defaultValue>
		</command:parameter>
		<command:parameter required="false" variableLength="false" globbing="false" pipelineInput="false" position="named">
			<maml:name>SupportMultipleDomain</maml:name>
			<maml:description>
				<maml:para></maml:para>
								
			</maml:description>
			<command:parameterValue required="false" variableLength="false">SwitchParameter</command:parameterValue>
			<dev:type>
				<maml:name>SwitchParameter</maml:name>
				<maml:uri/>
			</dev:type>
			<dev:defaultValue></dev:defaultValue>
		</command:parameter>
			<command:parameter required="false" variableLength="true" globbing="false" pipelineInput="false" position="named">
   			 <maml:name>Confirm</maml:name>
    			<maml:description>
				<maml:para>コマンドの実行前に確認メッセージを表示します。</maml:para>
    			</maml:description>
    			<command:parameterValue required="false" variableLength="false">SwitchParameter</command:parameterValue>	
				<dev:type>
  				<maml:name>SwitchParameter</maml:name> 
					<maml:uri/> 
					</dev:type>
 			<dev:defaultValue/> 
			</command:parameter>
			<command:parameter required="false" variableLength="true" globbing="false" pipelineInput="false" position="named">
   			 <maml:name>WhatIf</maml:name>
    			<maml:description>
				<maml:para>コマンドを実行した場合の動作を説明します。ただし、実際にはコマンドは実行されません。</maml:para>
    			</maml:description>
    			<command:parameterValue required="false" variableLength="false">SwitchParameter</command:parameterValue>	
				<dev:type>
  				<maml:name>SwitchParameter</maml:name> 
					<maml:uri/> 
					</dev:type>
 			<dev:defaultValue/> 
			</command:parameter>
	</command:parameters>
	<!-- Input - Output section-->
	<command:inputTypes>
		<command:inputType>
			<dev:type>
				<maml:name></maml:name>
				<maml:uri/>
				<maml:description/>
			</dev:type>
			<maml:description>
				<maml:para>
					<!-- description  -->
					
				</maml:para>
			</maml:description>
		</command:inputType>
	</command:inputTypes>
	<command:returnValues>
		<command:returnValue>
			<dev:type>
				<maml:name></maml:name>
				<maml:uri/>
				<maml:description/>
			</dev:type>   
			<maml:description>
				<maml:para>
					<!-- description  -->
					
				</maml:para>
			</maml:description> 
		</command:returnValue>
	</command:returnValues>
	<!-- Error section-->
	<command:terminatingErrors/>
	<command:nonTerminatingErrors/>
		<!-- Notes section  -->
	<maml:alertSet>
		<maml:title></maml:title>
		<maml:alert>
			<maml:para>
                          
                        </maml:para>
		</maml:alert>
		<maml:alert>
			<maml:para></maml:para>
		</maml:alert>
	</maml:alertSet>
	<!-- Example section  --> 
	<command:examples>
    <command:example>
      <maml:title>Example 1: Adds a new single sign-on domain to Microsoft Online Services and establishes the relying party trust.</maml:title>
      <dev:code>PS C:\&gt;New-MsolFederatedDomain -DomainName Contoso.com</dev:code>
      <dev:remarks>
        <maml:para>The New-MsolFederatedDomain cmdlet adds a new single sign-on domain to Microsoft Online Services and configures the relying party trust settings between the on-premises Active Directory Federation Services (ADFS) server and Microsoft Online.</maml:para>
      </dev:remarks>
    </command:example>
    <command:example>
      <maml:title>Example 2: Adds a new single sign-on domain to Microsoft Online Services and establishes the relying party trust.</maml:title>
      <dev:code>PS C:\&gt;New-MsolFederatedDomain -DomainName Contoso.com -SupportMultipleDomain</dev:code>
      <dev:remarks>
        <maml:para>Use the SupportMultipleDomain switch if you need support for multiple top-level domains.</maml:para>
      </dev:remarks>
    </command:example>
	</command:examples>
	<!-- Link section  -->
	<maml:relatedLinks>
		<maml:navigationLink>
			<maml:linkText></maml:linkText>
			<maml:uri/>
		</maml:navigationLink>
	</maml:relatedLinks>
</command:command>

<!-- v 1.3.0.36 -->
<command:command xmlns:maml="http://schemas.microsoft.com/maml/2004/10" xmlns:command="http://schemas.microsoft.com/maml/dev/command/2004/10" xmlns:dev="http://schemas.microsoft.com/maml/dev/2004/10">
	<command:details>
		<command:name>
                   Remove-MsolFederatedDomain
		</command:name>
		<maml:description>
			<maml:para>指定されたシングル サインオン ドメインを、Microsoft Online のドメインの一覧から削除します。</maml:para>
		</maml:description>
		<maml:copyright>
			<maml:para></maml:para>
		</maml:copyright>
		<command:verb>Remove</command:verb>
		<command:noun>MsolFederatedDomain</command:noun>
		<dev:version></dev:version>
	</command:details>
	<maml:description>
		<maml:para>このコマンドレットは、指定されたシングル サインオン ドメインを Microsoft Online から削除し、Active Directory フェデレーション サービス 2.0 にある関連付けられた証明書利用者の信頼設定を削除します。
      
注: 指定されたドメインにオブジェクトが関連付けられている場合、そのドメインを削除することはできません。</maml:para>
	</maml:description>
	<!-- Cmdlet syntax section-->
	<command:syntax>
		<command:syntaxItem>
			<maml:name>Remove-MsolFederatedDomain</maml:name>
			<command:parameter required="true" variableLength="false" globbing="false" pipelineInput="false" position="named">
				<maml:name>DomainName</maml:name>
				<maml:description>
					<maml:para>削除対象のドメインの名前</maml:para>
				</maml:description>
				<command:parameterValue required="true" variableLength="false">string</command:parameterValue>
			</command:parameter>
			<command:parameter required="false" variableLength="false" globbing="false" pipelineInput="false" position="named">
				<maml:name>SupportMultipleDomain</maml:name>
				<maml:description>
					<maml:para></maml:para>
				</maml:description>
				<command:parameterValue required="true" variableLength="false">Boolean</command:parameterValue>
			</command:parameter>
			<command:parameter required="false" variableLength="true" globbing="false" pipelineInput="false" position="named">
   			 <maml:name>Confirm</maml:name>
    			<maml:description>
				<maml:para>コマンドの実行前に確認メッセージを表示します。</maml:para>
    			</maml:description>
			</command:parameter>
			<command:parameter required="false" variableLength="true" globbing="false" pipelineInput="false" position="named">
   			 <maml:name>WhatIf</maml:name>
    			<maml:description>
				<maml:para>コマンドを実行した場合の動作を説明します。ただし、実際にはコマンドは実行されません。</maml:para>
    			</maml:description>
			</command:parameter>
		</command:syntaxItem>
	</command:syntax>
	<!-- Cmdlet parameter section  -->
	<command:parameters>
		<command:parameter required="true" variableLength="false" globbing="false" pipelineInput="false" position="named">
			<maml:name>DomainName</maml:name>
			<maml:description>
				<maml:para>削除対象のドメインの名前</maml:para>
								
			</maml:description>
			<command:parameterValue required="true" variableLength="false">string</command:parameterValue>
			<dev:type>
				<maml:name>string</maml:name>
				<maml:uri/>
			</dev:type>
			<dev:defaultValue></dev:defaultValue>
		</command:parameter>
		<command:parameter required="false" variableLength="false" globbing="false" pipelineInput="false" position="named">
			<maml:name>SupportMultipleDomain</maml:name>
			<maml:description>
				<maml:para></maml:para>
								
			</maml:description>
			<command:parameterValue required="true" variableLength="false">Boolean</command:parameterValue>
			<dev:type>
				<maml:name>Boolean</maml:name>
				<maml:uri/>
			</dev:type>
			<dev:defaultValue></dev:defaultValue>
		</command:parameter>
			<command:parameter required="false" variableLength="true" globbing="false" pipelineInput="false" position="named">
   			 <maml:name>Confirm</maml:name>
    			<maml:description>
				<maml:para>コマンドの実行前に確認メッセージを表示します。</maml:para>
    			</maml:description>
    			<command:parameterValue required="false" variableLength="false">SwitchParameter</command:parameterValue>	
				<dev:type>
  				<maml:name>SwitchParameter</maml:name> 
					<maml:uri/> 
					</dev:type>
 			<dev:defaultValue/> 
			</command:parameter>
			<command:parameter required="false" variableLength="true" globbing="false" pipelineInput="false" position="named">
   			 <maml:name>WhatIf</maml:name>
    			<maml:description>
				<maml:para>コマンドを実行した場合の動作を説明します。ただし、実際にはコマンドは実行されません。</maml:para>
    			</maml:description>
    			<command:parameterValue required="false" variableLength="false">SwitchParameter</command:parameterValue>	
				<dev:type>
  				<maml:name>SwitchParameter</maml:name> 
					<maml:uri/> 
					</dev:type>
 			<dev:defaultValue/> 
			</command:parameter>
	</command:parameters>
	<!-- Input - Output section-->
	<command:inputTypes>
		<command:inputType>
			<dev:type>
				<maml:name></maml:name>
				<maml:uri/>
				<maml:description/>
			</dev:type>
			<maml:description>
				<maml:para>
					<!-- description  -->
					
				</maml:para>
			</maml:description>
		</command:inputType>
	</command:inputTypes>
	<command:returnValues>
		<command:returnValue>
			<dev:type>
				<maml:name></maml:name>
				<maml:uri/>
				<maml:description/>
			</dev:type>   
			<maml:description>
				<maml:para>
					<!-- description  -->
					
				</maml:para>
			</maml:description> 
		</command:returnValue>
	</command:returnValues>
	<!-- Error section-->
	<command:terminatingErrors/>
	<command:nonTerminatingErrors/>
		<!-- Notes section  -->
	<maml:alertSet>
		<maml:title></maml:title>
		<maml:alert>
			<maml:para>
                          
                        </maml:para>
		</maml:alert>
		<maml:alert>
			<maml:para></maml:para>
		</maml:alert>
	</maml:alertSet>
	<!-- Example section  --> 
	<command:examples>
    <command:example>
      <maml:title>Example 1: Removes a single sign-on domain from the domains in Microsoft Online.</maml:title>
      <dev:code>PS C:\&gt;Remove-MsolFederatedDomain -DomainName Contoso.com</dev:code>
      <dev:remarks>
        <maml:para>The Remove-MsolFederatedDomain cmdlet removes the specified single sign-on domain from Microsoft Online and the associated relying party trust settings in Active Directory Federation Services (ADFS).</maml:para>
      </dev:remarks>
    </command:example>
    <command:example>
      <maml:title>Example 2: Removes a single sign-on domain from the domains in Microsoft Online.</maml:title>
      <dev:code>PS C:\&gt;Remove-MsolFederatedDomain -DomainName Contoso.com -SupportMultipleDomain</dev:code>
      <dev:remarks>
        <maml:para>The SupportMultipleDomain switch indicates this configuration is part of a multi-domain setup and provides additional logic checks when removing a domain.</maml:para>
      </dev:remarks>
    </command:example>
	</command:examples>
	<!-- Link section  -->
	<maml:relatedLinks>
		<maml:navigationLink>
			<maml:linkText></maml:linkText>
			<maml:uri/>
		</maml:navigationLink>
	</maml:relatedLinks>
</command:command>

<!-- v 1.3.0.36 -->
<command:command xmlns:maml="http://schemas.microsoft.com/maml/2004/10" xmlns:command="http://schemas.microsoft.com/maml/dev/command/2004/10" xmlns:dev="http://schemas.microsoft.com/maml/dev/2004/10">
	<command:details>
		<command:name>
                   Set-MsolADFSContext
		</command:name>
		<maml:description>
			<maml:para>Microsoft Online および Active Directory フェデレーション サービス 2.0 サーバーに接続するためのコンテキストと資格情報を設定します。このコマンドレットはログ ファイルの場所も記録します。</maml:para>
		</maml:description>
		<maml:copyright>
			<maml:para></maml:para>
		</maml:copyright>
		<command:verb>Set</command:verb>
		<command:noun>MsolADFSContext</command:noun>
		<dev:version></dev:version>
	</command:details>
	<maml:description>
		<maml:para>Set-MsolADFSContext コマンドレットは、Microsoft Online および Active Directory フェデレーション サービス 2.0 (AD FS 2.0) サーバーに接続するための資格情報を設定します。このコマンドレットは、その他のシングル サインオン (別名、ID フェデレーション) のコマンドレットを呼び出す前に実行する必要があります。このコマンドレットを呼び出すときにパラメーターを省略すると、別のシステムに接続するための資格情報を入力するよう求められます。AD FS 2.0 サーバーをリモートで使用する場合、ユーザーはプライマリ AD FS 2.0 サーバーのコンピューター名を指定する必要があります。指定したログファイルは、同一セッションのすべてのシングル サインオン コマンドレットで使用されます。ログファイルを指定しない場合、既定のログファイルが作成されます。
</maml:para>
	</maml:description>
	<!-- Cmdlet syntax section-->
	<command:syntax>
		<command:syntaxItem>
			<maml:name>Set-MsolADFSContext</maml:name>
			<command:parameter required="true" variableLength="false" globbing="false" pipelineInput="false" position="named">
				<maml:name>Computer</maml:name>
				<maml:description>
					<maml:para>プライマリの AD FS 2.0 サーバーのコンピューター名。AD FS 2.0 サーバーをリモートで使用している場合は指定します。</maml:para>
				</maml:description>
				<command:parameterValue required="true" variableLength="false">string</command:parameterValue>
			</command:parameter>
			<command:parameter required="false" variableLength="false" globbing="false" pipelineInput="false" position="named">
				<maml:name>ADFSUserCredentials</maml:name>
				<maml:description>
					<maml:para>Active Directory フェデレーション サービス 2.0 サーバーで管理セッションを確立するために使用される資格情報オブジェクト。</maml:para>
				</maml:description>
				<command:parameterValue required="true" variableLength="false">PSCredential</command:parameterValue>
			</command:parameter>
			<command:parameter required="false" variableLength="false" globbing="false" pipelineInput="false" position="named">
				<maml:name>LogFile</maml:name>
				<maml:description>
					<maml:para>Windows PowerShell セッションのシングル サインオンのコマンドレット操作をすべて記録するためのログ ファイル。指定されない場合は、Windows PowerShell モジュールによって、%USERPROFILE%\Documents\MicrosoftOnline にログファイルが自動的に作成されます。</maml:para>
				</maml:description>
				<command:parameterValue required="true" variableLength="false">string</command:parameterValue>
			</command:parameter>
		</command:syntaxItem>
	</command:syntax>
	<!-- Cmdlet parameter section  -->
	<command:parameters>
		<command:parameter required="false" variableLength="false" globbing="false" pipelineInput="false" position="named">
			<maml:name>ADFSUserCredentials</maml:name>
			<maml:description>
				<maml:para>Active Directory フェデレーション サービス 2.0 サーバーで管理セッションを確立するために使用される資格情報オブジェクト。</maml:para>
								
			</maml:description>
			<command:parameterValue required="true" variableLength="false">PSCredential</command:parameterValue>
			<dev:type>
				<maml:name>PSCredential</maml:name>
				<maml:uri/>
			</dev:type>
			<dev:defaultValue></dev:defaultValue>
		</command:parameter>
		<command:parameter required="true" variableLength="false" globbing="false" pipelineInput="false" position="named">
			<maml:name>Computer</maml:name>
			<maml:description>
				<maml:para>プライマリの AD FS 2.0 サーバーのコンピューター名。AD FS 2.0 サーバーをリモートで使用している場合は指定します。</maml:para>
								
			</maml:description>
			<command:parameterValue required="true" variableLength="false">string</command:parameterValue>
			<dev:type>
				<maml:name>string</maml:name>
				<maml:uri/>
			</dev:type>
			<dev:defaultValue></dev:defaultValue>
		</command:parameter>
		<command:parameter required="false" variableLength="false" globbing="false" pipelineInput="false" position="named">
			<maml:name>LogFile</maml:name>
			<maml:description>
				<maml:para>Windows PowerShell セッションのシングル サインオンのコマンドレット操作をすべて記録するためのログ ファイル。指定されない場合は、Windows PowerShell モジュールによって、%USERPROFILE%\Documents\MicrosoftOnline にログファイルが自動的に作成されます。</maml:para>
								
			</maml:description>
			<command:parameterValue required="true" variableLength="false">string</command:parameterValue>
			<dev:type>
				<maml:name>string</maml:name>
				<maml:uri/>
			</dev:type>
			<dev:defaultValue></dev:defaultValue>
		</command:parameter>
	</command:parameters>
	<!-- Input - Output section-->
	<command:inputTypes>
		<command:inputType>
			<dev:type>
				<maml:name></maml:name>
				<maml:uri/>
				<maml:description/>
			</dev:type>
			<maml:description>
				<maml:para>
					<!-- description  -->
					
				</maml:para>
			</maml:description>
		</command:inputType>
	</command:inputTypes>
	<command:returnValues>
		<command:returnValue>
			<dev:type>
				<maml:name></maml:name>
				<maml:uri/>
				<maml:description/>
			</dev:type>   
			<maml:description>
				<maml:para>
					<!-- description  -->
					
				</maml:para>
			</maml:description> 
		</command:returnValue>
	</command:returnValues>
	<!-- Error section-->
	<command:terminatingErrors/>
	<command:nonTerminatingErrors/>
		<!-- Notes section  -->
	<maml:alertSet>
		<maml:title></maml:title>
		<maml:alert>
			<maml:para>
                          
                        </maml:para>
		</maml:alert>
		<maml:alert>
			<maml:para></maml:para>
		</maml:alert>
	</maml:alertSet>
	<!-- Example section  --> 
	<command:examples>
	</command:examples>
	<!-- Link section  -->
	<maml:relatedLinks>
		<maml:navigationLink>
			<maml:linkText></maml:linkText>
			<maml:uri/>
		</maml:navigationLink>
	</maml:relatedLinks>
</command:command>

<!-- v 1.3.0.36 -->
<command:command xmlns:maml="http://schemas.microsoft.com/maml/2004/10" xmlns:command="http://schemas.microsoft.com/maml/dev/command/2004/10" xmlns:dev="http://schemas.microsoft.com/maml/dev/2004/10">
	<command:details>
		<command:name>
                   Update-MsolFederatedDomain
		</command:name>
		<maml:description>
			<maml:para>Active Directory フェデレーション サービス 2.0 サーバーと Microsoft Online の両方で設定を更新します。</maml:para>
		</maml:description>
		<maml:copyright>
			<maml:para></maml:para>
		</maml:copyright>
		<command:verb>Update</command:verb>
		<command:noun>MsolFederatedDomain</command:noun>
		<dev:version></dev:version>
	</command:details>
	<maml:description>
		<maml:para>Update-MSOLFederatedDomain コマンドレットは、Active Directory フェデレーション サービス 2.0 サーバーと Microsoft Online の両方で設定を変更します。構成の変更や、証明書の期限が切れる前など証明書の定期保守の一環として、Active Directory フェデレーション サービス 2.0 内の URL または証明書の情報を変更するときは、必ずこのコマンドレットを実行する必要があります。 また、Microsoft Online 内で変更が行われた場合にも、実行する必要があります。2 つのシステムにある情報が正しいことを確認するには、Get-MSOLFederationProperty コマンドレットを使用して設定を取得できます。</maml:para>
	</maml:description>
	<!-- Cmdlet syntax section-->
	<command:syntax>
		<command:syntaxItem>
			<maml:name>Update-MsolFederatedDomain</maml:name>
			<command:parameter required="true" variableLength="false" globbing="false" pipelineInput="false" position="named">
				<maml:name>DomainName</maml:name>
				<maml:description>
					<maml:para>更新する必要のあるシングル サインオン ドメイン (別名、ID フェデレーション ドメイン)。</maml:para>
				</maml:description>
				<command:parameterValue required="true" variableLength="false">string</command:parameterValue>
			</command:parameter>
			<command:parameter required="false" variableLength="false" globbing="false" pipelineInput="false" position="named">
				<maml:name>SupportMultipleDomain</maml:name>
				<maml:description>
					<maml:para></maml:para>
				</maml:description>
				<command:parameterValue required="true" variableLength="false">Boolean</command:parameterValue>
			</command:parameter>
			<command:parameter required="false" variableLength="true" globbing="false" pipelineInput="false" position="named">
   			 <maml:name>Confirm</maml:name>
    			<maml:description>
				<maml:para>コマンドの実行前に確認メッセージを表示します。</maml:para>
    			</maml:description>
			</command:parameter>
			<command:parameter required="false" variableLength="true" globbing="false" pipelineInput="false" position="named">
   			 <maml:name>WhatIf</maml:name>
    			<maml:description>
				<maml:para>コマンドを実行した場合の動作を説明します。ただし、実際にはコマンドは実行されません。</maml:para>
    			</maml:description>
			</command:parameter>
		</command:syntaxItem>
	</command:syntax>
	<!-- Cmdlet parameter section  -->
	<command:parameters>
		<command:parameter required="true" variableLength="false" globbing="false" pipelineInput="false" position="named">
			<maml:name>DomainName</maml:name>
			<maml:description>
				<maml:para>更新する必要のあるシングル サインオン ドメイン (別名、ID フェデレーション ドメイン)。</maml:para>
								
			</maml:description>
			<command:parameterValue required="true" variableLength="false">string</command:parameterValue>
			<dev:type>
				<maml:name>string</maml:name>
				<maml:uri/>
			</dev:type>
			<dev:defaultValue></dev:defaultValue>
		</command:parameter>
		<command:parameter required="false" variableLength="false" globbing="false" pipelineInput="false" position="named">
			<maml:name>SupportMultipleDomain</maml:name>
			<maml:description>
				<maml:para></maml:para>
								
			</maml:description>
			<command:parameterValue required="true" variableLength="false">Boolean</command:parameterValue>
			<dev:type>
				<maml:name>Boolean</maml:name>
				<maml:uri/>
			</dev:type>
			<dev:defaultValue></dev:defaultValue>
		</command:parameter>
			<command:parameter required="false" variableLength="true" globbing="false" pipelineInput="false" position="named">
   			 <maml:name>Confirm</maml:name>
    			<maml:description>
				<maml:para>コマンドの実行前に確認メッセージを表示します。</maml:para>
    			</maml:description>
    			<command:parameterValue required="false" variableLength="false">SwitchParameter</command:parameterValue>	
				<dev:type>
  				<maml:name>SwitchParameter</maml:name> 
					<maml:uri/> 
					</dev:type>
 			<dev:defaultValue/> 
			</command:parameter>
			<command:parameter required="false" variableLength="true" globbing="false" pipelineInput="false" position="named">
   			 <maml:name>WhatIf</maml:name>
    			<maml:description>
				<maml:para>コマンドを実行した場合の動作を説明します。ただし、実際にはコマンドは実行されません。</maml:para>
    			</maml:description>
    			<command:parameterValue required="false" variableLength="false">SwitchParameter</command:parameterValue>	
				<dev:type>
  				<maml:name>SwitchParameter</maml:name> 
					<maml:uri/> 
					</dev:type>
 			<dev:defaultValue/> 
			</command:parameter>
	</command:parameters>
	<!-- Input - Output section-->
	<command:inputTypes>
		<command:inputType>
			<dev:type>
				<maml:name></maml:name>
				<maml:uri/>
				<maml:description/>
			</dev:type>
			<maml:description>
				<maml:para>
					<!-- description  -->
					
				</maml:para>
			</maml:description>
		</command:inputType>
	</command:inputTypes>
	<command:returnValues>
		<command:returnValue>
			<dev:type>
				<maml:name></maml:name>
				<maml:uri/>
				<maml:description/>
			</dev:type>   
			<maml:description>
				<maml:para>
					<!-- description  -->
					
				</maml:para>
			</maml:description> 
		</command:returnValue>
	</command:returnValues>
	<!-- Error section-->
	<command:terminatingErrors/>
	<command:nonTerminatingErrors/>
		<!-- Notes section  -->
	<maml:alertSet>
		<maml:title></maml:title>
		<maml:alert>
			<maml:para>
                          
                        </maml:para>
		</maml:alert>
		<maml:alert>
			<maml:para></maml:para>
		</maml:alert>
	</maml:alertSet>
	<!-- Example section  --> 
	<command:examples>
    <command:example>
      <maml:title>Example 1: Updates the settings in both the Active Directory Federation Services 2.0 server and Microsoft Online.</maml:title>
      <dev:code>PS C:\&gt;Update-MsolFederatedDomain -DomainName Contoso.com</dev:code>
      <dev:remarks>
        <maml:para>It is necessary to run this cmdlet whenever the URLs or certificate information within Active Directory Federation Services (ADFS) change due to configuration changes or through regular maintenance of the certificates, such as when a certificate is about to expire. </maml:para>
      </dev:remarks>
    </command:example>
    <command:example>
      <maml:title>Example 2: Updates the settings in both the Active Directory Federation Services 2.0 server and Microsoft Online.</maml:title>
      <dev:code>PS C:\&gt;Update-MsolFederatedDomain -DomainName Contoso.com -SupportMultipleDomain</dev:code>
      <dev:remarks>
        <maml:para>Use the SupportMultipleDomain switch if you need support for multiple top-level domains.</maml:para>
      </dev:remarks>
    </command:example>
	</command:examples>
	<!-- Link section  -->
	<maml:relatedLinks>
		<maml:navigationLink>
			<maml:linkText></maml:linkText>
			<maml:uri/>
		</maml:navigationLink>
	</maml:relatedLinks>
</command:command>

</helpItems>
