<?xml version="1.0" encoding="utf-8"?>
<helpItems xmlns="http://msh" schema="maml">
<!-- v 1.3.0.36 -->
<command:command xmlns:maml="http://schemas.microsoft.com/maml/2004/10" xmlns:command="http://schemas.microsoft.com/maml/dev/command/2004/10" xmlns:dev="http://schemas.microsoft.com/maml/dev/2004/10">
	<command:details>
		<command:name>
                   Convert-MsolDomainToFederated
		</command:name>
		<maml:description>
			<maml:para>Converte il dominio di autenticazione standard in dominio con accesso Single Sign-On (o federazione delle identità).</maml:para>
		</maml:description>
		<maml:copyright>
			<maml:para></maml:para>
		</maml:copyright>
		<command:verb>Convert</command:verb>
		<command:noun>MsolDomainToFederated</command:noun>
		<dev:version></dev:version>
	</command:details>
	<maml:description>
		<maml:para>Il cmdlet Convert-MSOLDomainToFederated converte il dominio specificato dall'autenticazione standard a Single Sign-On (o federazione delle identità), compresa la configurazione delle impostazioni di trust della relying party fra il server Active Directory Federation Services 2.0 e i Microsoft Online Services. Nell'ambito della conversione di un dominio dall'autenticazione standard a Single Sign-On è necessario convertire anche ciascun utente. Questa conversione ha luogo automaticamente al successivo accesso di un utente: l'amministratore non dovrà eseguire alcuna operazione.</maml:para>
	</maml:description>
	<!-- Cmdlet syntax section-->
	<command:syntax>
		<command:syntaxItem>
			<maml:name>Convert-MsolDomainToFederated</maml:name>
			<command:parameter required="true" variableLength="false" globbing="false" pipelineInput="false" position="named">
				<maml:name>DomainName</maml:name>
				<maml:description>
					<maml:para>Il nome del dominio da convertire a Single Sign-On (o federazione delle identità).</maml:para>
				</maml:description>
				<command:parameterValue required="true" variableLength="false">string</command:parameterValue>
			</command:parameter>
			<command:parameter required="false" variableLength="false" globbing="false" pipelineInput="false" position="named">
				<maml:name>SupportMultipleDomain</maml:name>
				<maml:description>
					<maml:para></maml:para>
				</maml:description>
			</command:parameter>
			<command:parameter required="false" variableLength="true" globbing="false" pipelineInput="false" position="named">
   			 <maml:name>Confirm</maml:name>
    			<maml:description>
				<maml:para>Richiede la conferma dell'utente prima di eseguire il comando.</maml:para>
    			</maml:description>
			</command:parameter>
			<command:parameter required="false" variableLength="true" globbing="false" pipelineInput="false" position="named">
   			 <maml:name>WhatIf</maml:name>
    			<maml:description>
				<maml:para>Descrive il risultato dell'esecuzione del comando senza eseguire effettivamente il comando.</maml:para>
    			</maml:description>
			</command:parameter>
		</command:syntaxItem>
	</command:syntax>
	<!-- Cmdlet parameter section  -->
	<command:parameters>
		<command:parameter required="true" variableLength="false" globbing="false" pipelineInput="false" position="named">
			<maml:name>DomainName</maml:name>
			<maml:description>
				<maml:para>Il nome del dominio da convertire a Single Sign-On (o federazione delle identità).</maml:para>
								
			</maml:description>
			<command:parameterValue required="true" variableLength="false">string</command:parameterValue>
			<dev:type>
				<maml:name>string</maml:name>
				<maml:uri/>
			</dev:type>
			<dev:defaultValue></dev:defaultValue>
		</command:parameter>
		<command:parameter required="false" variableLength="false" globbing="false" pipelineInput="false" position="named">
			<maml:name>SupportMultipleDomain</maml:name>
			<maml:description>
				<maml:para></maml:para>
								
			</maml:description>
			<command:parameterValue required="false" variableLength="false">SwitchParameter</command:parameterValue>
			<dev:type>
				<maml:name>SwitchParameter</maml:name>
				<maml:uri/>
			</dev:type>
			<dev:defaultValue></dev:defaultValue>
		</command:parameter>
			<command:parameter required="false" variableLength="true" globbing="false" pipelineInput="false" position="named">
   			 <maml:name>Confirm</maml:name>
    			<maml:description>
				<maml:para>Richiede la conferma dell'utente prima di eseguire il comando.</maml:para>
    			</maml:description>
    			<command:parameterValue required="false" variableLength="false">SwitchParameter</command:parameterValue>	
				<dev:type>
  				<maml:name>SwitchParameter</maml:name> 
					<maml:uri/> 
					</dev:type>
 			<dev:defaultValue/> 
			</command:parameter>
			<command:parameter required="false" variableLength="true" globbing="false" pipelineInput="false" position="named">
   			 <maml:name>WhatIf</maml:name>
    			<maml:description>
				<maml:para>Descrive il risultato dell'esecuzione del comando senza eseguire effettivamente il comando.</maml:para>
    			</maml:description>
    			<command:parameterValue required="false" variableLength="false">SwitchParameter</command:parameterValue>	
				<dev:type>
  				<maml:name>SwitchParameter</maml:name> 
					<maml:uri/> 
					</dev:type>
 			<dev:defaultValue/> 
			</command:parameter>
	</command:parameters>
	<!-- Input - Output section-->
	<command:inputTypes>
		<command:inputType>
			<dev:type>
				<maml:name></maml:name>
				<maml:uri/>
				<maml:description/>
			</dev:type>
			<maml:description>
				<maml:para>
					<!-- description  -->
					
				</maml:para>
			</maml:description>
		</command:inputType>
	</command:inputTypes>
	<command:returnValues>
		<command:returnValue>
			<dev:type>
				<maml:name></maml:name>
				<maml:uri/>
				<maml:description/>
			</dev:type>   
			<maml:description>
				<maml:para>
					<!-- description  -->
					
				</maml:para>
			</maml:description> 
		</command:returnValue>
	</command:returnValues>
	<!-- Error section-->
	<command:terminatingErrors/>
	<command:nonTerminatingErrors/>
		<!-- Notes section  -->
	<maml:alertSet>
		<maml:title></maml:title>
		<maml:alert>
			<maml:para>
                          
                        </maml:para>
		</maml:alert>
		<maml:alert>
			<maml:para></maml:para>
		</maml:alert>
	</maml:alertSet>
	<!-- Example section  --> 
	<command:examples>
    <command:example>
      <maml:title>Example 1: Convert the domain to federated</maml:title>
      <dev:code>PS C:\&gt;Convert-MsolDomainToFederated -DomainName Contoso.com</dev:code>
      <dev:remarks>
        <maml:para>Convert a managed domain name called 'contoso.com' to federated authentication and use an on-premise Active Directory Federation Services (ADFS) server.</maml:para>
      </dev:remarks>
    </command:example>
    <command:example>
      <maml:title>Example 2: Convert the domain while allowing for multiple domain support</maml:title>
      <dev:code>PS C:\&gt;Convert-MsolDomainToFederated -DomainName Contoso.com -SupportMultipleDomain</dev:code>
      <dev:remarks>
        <maml:para>Use the SupportMultipleDomain switch if you need support for multiple top-level domains.</maml:para>
      </dev:remarks>
    </command:example>
  </command:examples>
	<!-- Link section  -->
	<maml:relatedLinks>
		<maml:navigationLink>
			<maml:linkText></maml:linkText>
			<maml:uri/>
		</maml:navigationLink>
	</maml:relatedLinks>
</command:command>

<!-- v 1.3.0.36 -->
<command:command xmlns:maml="http://schemas.microsoft.com/maml/2004/10" xmlns:command="http://schemas.microsoft.com/maml/dev/command/2004/10" xmlns:dev="http://schemas.microsoft.com/maml/dev/2004/10">
	<command:details>
		<command:name>
                   Convert-MsolDomainToStandard
		</command:name>
		<maml:description>
			<maml:para>Converte il dominio con Single Sign-On (o federazione delle identità) in dominio con autenticazione standard.</maml:para>
		</maml:description>
		<maml:copyright>
			<maml:para></maml:para>
		</maml:copyright>
		<command:verb>Convert</command:verb>
		<command:noun>MsolDomainToStandard</command:noun>
		<dev:version></dev:version>
	</command:details>
	<maml:description>
		<maml:para>Il cmdlet Convert-MSOLDomainToFederated converte il dominio specificato da Single Sign-On (o federazione delle identità) all'autenticazione standard. Attraverso questo processo vengono inoltre rimosse le impostazioni di trust della relying party nel server Active Directory Federation Services 2.0 e nei Microsoft Online Services. Dopo la conversione, questo cmdlet convertirà tutti gli utenti esistenti da Single Sign-On all'autenticazione standard. Nell'ambito del processo di conversione, ogni utente già configurato per Single Sign-On riceverà una nuova password provvisoria. Ciascun nome utente convertito e ciascuna nuova password provvisoria verranno registrati in un file che l'amministratore può utilizzare a scopo di riferimento. L'amministratore potrà quindi distribuire la nuova password provvisoria a ciascun utente convertito per abilitarne l'accesso ai Microsoft Online Services.</maml:para>
	</maml:description>
	<!-- Cmdlet syntax section-->
	<command:syntax>
		<command:syntaxItem>
			<maml:name>Convert-MsolDomainToStandard</maml:name>
			<command:parameter required="true" variableLength="false" globbing="false" pipelineInput="false" position="named">
				<maml:name>DomainName</maml:name>
				<maml:description>
					<maml:para>Il nome di dominio da convertire da Single Sign-On (o federazione delle identità) ad autenticazione standard.</maml:para>
				</maml:description>
				<command:parameterValue required="true" variableLength="false">string</command:parameterValue>
			</command:parameter>
			<command:parameter required="true" variableLength="false" globbing="false" pipelineInput="false" position="named">
				<maml:name>PasswordFile</maml:name>
				<maml:description>
					<maml:para>Il file in cui registrare i nomi utente e le password provvisorie degli utenti convertiti.</maml:para>
				</maml:description>
				<command:parameterValue required="true" variableLength="false">string</command:parameterValue>
			</command:parameter>
			<command:parameter required="true" variableLength="false" globbing="false" pipelineInput="false" position="named">
				<maml:name>SkipUserConversion</maml:name>
				<maml:description>
					<maml:para>Se impostato su True, gli utenti non verranno convertiti per effetto dell'operazione. Gli amministratori possono eseguire nuovamente il cmdlet per convertire gli utenti in un secondo momento.</maml:para>
				</maml:description>
				<command:parameterValue required="true" variableLength="false">Boolean</command:parameterValue>
			</command:parameter>
			<command:parameter required="false" variableLength="true" globbing="false" pipelineInput="false" position="named">
   			 <maml:name>Confirm</maml:name>
    			<maml:description>
				<maml:para>Richiede la conferma dell'utente prima di eseguire il comando.</maml:para>
    			</maml:description>
			</command:parameter>
			<command:parameter required="false" variableLength="true" globbing="false" pipelineInput="false" position="named">
   			 <maml:name>WhatIf</maml:name>
    			<maml:description>
				<maml:para>Descrive il risultato dell'esecuzione del comando senza eseguire effettivamente il comando.</maml:para>
    			</maml:description>
			</command:parameter>
		</command:syntaxItem>
	</command:syntax>
	<!-- Cmdlet parameter section  -->
	<command:parameters>
		<command:parameter required="true" variableLength="false" globbing="false" pipelineInput="false" position="named">
			<maml:name>DomainName</maml:name>
			<maml:description>
				<maml:para>Il nome di dominio da convertire da Single Sign-On (o federazione delle identità) ad autenticazione standard.</maml:para>
								
			</maml:description>
			<command:parameterValue required="true" variableLength="false">string</command:parameterValue>
			<dev:type>
				<maml:name>string</maml:name>
				<maml:uri/>
			</dev:type>
			<dev:defaultValue></dev:defaultValue>
		</command:parameter>
		<command:parameter required="true" variableLength="false" globbing="false" pipelineInput="false" position="named">
			<maml:name>PasswordFile</maml:name>
			<maml:description>
				<maml:para>Il file in cui registrare i nomi utente e le password provvisorie degli utenti convertiti.</maml:para>
								
			</maml:description>
			<command:parameterValue required="true" variableLength="false">string</command:parameterValue>
			<dev:type>
				<maml:name>string</maml:name>
				<maml:uri/>
			</dev:type>
			<dev:defaultValue></dev:defaultValue>
		</command:parameter>
		<command:parameter required="true" variableLength="false" globbing="false" pipelineInput="false" position="named">
			<maml:name>SkipUserConversion</maml:name>
			<maml:description>
				<maml:para>Se impostato su True, gli utenti non verranno convertiti per effetto dell'operazione. Gli amministratori possono eseguire nuovamente il cmdlet per convertire gli utenti in un secondo momento.</maml:para>
								
			</maml:description>
			<command:parameterValue required="true" variableLength="false">Boolean</command:parameterValue>
			<dev:type>
				<maml:name>Boolean</maml:name>
				<maml:uri/>
			</dev:type>
			<dev:defaultValue></dev:defaultValue>
		</command:parameter>
			<command:parameter required="false" variableLength="true" globbing="false" pipelineInput="false" position="named">
   			 <maml:name>Confirm</maml:name>
    			<maml:description>
				<maml:para>Richiede la conferma dell'utente prima di eseguire il comando.</maml:para>
    			</maml:description>
    			<command:parameterValue required="false" variableLength="false">SwitchParameter</command:parameterValue>	
				<dev:type>
  				<maml:name>SwitchParameter</maml:name> 
					<maml:uri/> 
					</dev:type>
 			<dev:defaultValue/> 
			</command:parameter>
			<command:parameter required="false" variableLength="true" globbing="false" pipelineInput="false" position="named">
   			 <maml:name>WhatIf</maml:name>
    			<maml:description>
				<maml:para>Descrive il risultato dell'esecuzione del comando senza eseguire effettivamente il comando.</maml:para>
    			</maml:description>
    			<command:parameterValue required="false" variableLength="false">SwitchParameter</command:parameterValue>	
				<dev:type>
  				<maml:name>SwitchParameter</maml:name> 
					<maml:uri/> 
					</dev:type>
 			<dev:defaultValue/> 
			</command:parameter>
	</command:parameters>
	<!-- Input - Output section-->
	<command:inputTypes>
		<command:inputType>
			<dev:type>
				<maml:name></maml:name>
				<maml:uri/>
				<maml:description/>
			</dev:type>
			<maml:description>
				<maml:para>
					<!-- description  -->
					
				</maml:para>
			</maml:description>
		</command:inputType>
	</command:inputTypes>
	<command:returnValues>
		<command:returnValue>
			<dev:type>
				<maml:name></maml:name>
				<maml:uri/>
				<maml:description/>
			</dev:type>   
			<maml:description>
				<maml:para>
					<!-- description  -->
					
				</maml:para>
			</maml:description> 
		</command:returnValue>
	</command:returnValues>
	<!-- Error section-->
	<command:terminatingErrors/>
	<command:nonTerminatingErrors/>
		<!-- Notes section  -->
	<maml:alertSet>
		<maml:title></maml:title>
		<maml:alert>
			<maml:para>
                          
                        </maml:para>
		</maml:alert>
		<maml:alert>
			<maml:para></maml:para>
		</maml:alert>
	</maml:alertSet>
	<!-- Example section  --> 
	<command:examples>
    <command:example>
      <maml:title>Example 1: Converts the domain from using single sign-on to using standard authentication.</maml:title>
      <dev:code>PS C:\&gt;Convert-MsolDomainToStandard -DomainName Contoso.com -PasswordFile Passwords.txt</dev:code>
      <dev:remarks>
        <maml:para>The Convert-MsolDomainToStandard cmdlet converts the specified domain from single sign-on (also known as identity federation) to standard authentication. Single sign-on is also known as identity federation.</maml:para>
      </dev:remarks>
    </command:example>
    <command:example>
      <maml:title>Example 2: Converts the domain from using single sign-on to using standard authentication while skipping user conversion.</maml:title>
      <dev:code>PS C:\&gt;Convert-MsolDomainToStandard -DomainName Contoso.com -PasswordFile Passwords.txt -SkipUserConversion $true</dev:code>
      <dev:remarks>
        <maml:para>Converts the domain while skipping user conversion.</maml:para>
      </dev:remarks>
    </command:example>
	</command:examples>
	<!-- Link section  -->
	<maml:relatedLinks>
		<maml:navigationLink>
			<maml:linkText></maml:linkText>
			<maml:uri/>
		</maml:navigationLink>
	</maml:relatedLinks>
</command:command>

<!-- v 1.3.0.36 -->
<command:command xmlns:maml="http://schemas.microsoft.com/maml/2004/10" xmlns:command="http://schemas.microsoft.com/maml/dev/command/2004/10" xmlns:dev="http://schemas.microsoft.com/maml/dev/2004/10">
	<command:details>
		<command:name>
                   Get-MsolFederationProperty
		</command:name>
		<maml:description>
			<maml:para>Per il dominio specificato, mostra le proprietà del server Active Directory Federation Services 2.0 e di Microsoft Online.</maml:para>
		</maml:description>
		<maml:copyright>
			<maml:para></maml:para>
		</maml:copyright>
		<command:verb>Get</command:verb>
		<command:noun>MsolFederationProperty</command:noun>
		<dev:version></dev:version>
	</command:details>
	<maml:description>
		<maml:para>Il cmdlet Get-MSOLFederationProperty recupera le impostazioni della chiave dal server Active Directory Federation Services 2.0 e dai Microsoft Online Services. È possibile utilizzare queste informazioni per risolvere i problemi di autenticazione dovuti alla mancata corrispondenza delle impostazioni del server Active Directory Federation Services 2.0 e dei Microsoft Online Services.</maml:para>
	</maml:description>
	<!-- Cmdlet syntax section-->
	<command:syntax>
		<command:syntaxItem>
			<maml:name>Get-MsolFederationProperty</maml:name>
			<command:parameter required="true" variableLength="false" globbing="false" pipelineInput="false" position="named">
				<maml:name>DomainName</maml:name>
				<maml:description>
					<maml:para>Il nome di dominio per il quale verranno visualizzate le proprietà sia del server Active Directory Federation Services 2.0 che di Microsoft Online.</maml:para>
				</maml:description>
				<command:parameterValue required="true" variableLength="false">string</command:parameterValue>
			</command:parameter>
			<command:parameter required="false" variableLength="false" globbing="false" pipelineInput="false" position="named">
				<maml:name>SupportMultipleDomain</maml:name>
				<maml:description>
					<maml:para></maml:para>
				</maml:description>
			</command:parameter>
		</command:syntaxItem>
	</command:syntax>
	<!-- Cmdlet parameter section  -->
	<command:parameters>
		<command:parameter required="true" variableLength="false" globbing="false" pipelineInput="false" position="named">
			<maml:name>DomainName</maml:name>
			<maml:description>
				<maml:para>Il nome di dominio per il quale verranno visualizzate le proprietà sia del server Active Directory Federation Services 2.0 che di Microsoft Online.</maml:para>
								
			</maml:description>
			<command:parameterValue required="true" variableLength="false">string</command:parameterValue>
			<dev:type>
				<maml:name>string</maml:name>
				<maml:uri/>
			</dev:type>
			<dev:defaultValue></dev:defaultValue>
		</command:parameter>
		<command:parameter required="false" variableLength="false" globbing="false" pipelineInput="false" position="named">
			<maml:name>SupportMultipleDomain</maml:name>
			<maml:description>
				<maml:para></maml:para>
								
			</maml:description>
			<command:parameterValue required="false" variableLength="false">SwitchParameter</command:parameterValue>
			<dev:type>
				<maml:name>SwitchParameter</maml:name>
				<maml:uri/>
			</dev:type>
			<dev:defaultValue></dev:defaultValue>
		</command:parameter>
	</command:parameters>
	<!-- Input - Output section-->
	<command:inputTypes>
		<command:inputType>
			<dev:type>
				<maml:name></maml:name>
				<maml:uri/>
				<maml:description/>
			</dev:type>
			<maml:description>
				<maml:para>
					<!-- description  -->
					
				</maml:para>
			</maml:description>
		</command:inputType>
	</command:inputTypes>
	<command:returnValues>
		<command:returnValue>
			<dev:type>
				<maml:name></maml:name>
				<maml:uri/>
				<maml:description/>
			</dev:type>   
			<maml:description>
				<maml:para>
					<!-- description  -->
					
				</maml:para>
			</maml:description> 
		</command:returnValue>
	</command:returnValues>
	<!-- Error section-->
	<command:terminatingErrors/>
	<command:nonTerminatingErrors/>
		<!-- Notes section  -->
	<maml:alertSet>
		<maml:title></maml:title>
		<maml:alert>
			<maml:para>
                          
                        </maml:para>
		</maml:alert>
		<maml:alert>
			<maml:para></maml:para>
		</maml:alert>
	</maml:alertSet>
	<!-- Example section  --> 
	<command:examples>
	</command:examples>
	<!-- Link section  -->
	<maml:relatedLinks>
		<maml:navigationLink>
			<maml:linkText></maml:linkText>
			<maml:uri/>
		</maml:navigationLink>
	</maml:relatedLinks>
</command:command>

<!-- v 1.3.0.36 -->
<command:command xmlns:maml="http://schemas.microsoft.com/maml/2004/10" xmlns:command="http://schemas.microsoft.com/maml/dev/command/2004/10" xmlns:dev="http://schemas.microsoft.com/maml/dev/2004/10">
	<command:details>
		<command:name>
                   New-MsolFederatedDomain
		</command:name>
		<maml:description>
			<maml:para>Aggiunge ai Microsoft Online Services un nuovo dominio Single Sign-On (o dominio con federazione delle identità) e stabilisce il trust della relying party fra il server Active Directory Federation Services 2.0 e i Microsoft Online Services.</maml:para>
		</maml:description>
		<maml:copyright>
			<maml:para></maml:para>
		</maml:copyright>
		<command:verb>New</command:verb>
		<command:noun>MsolFederatedDomain</command:noun>
		<dev:version></dev:version>
	</command:details>
	<maml:description>
		<maml:para>Il cmdlet Add-MSOLFederatedDomain aggiunge un nuovo dominio Single Sign-On (o dominio con federazione delle identità) ai Microsoft Online Services e configura le impostazioni del trust della relying party fra il server Active Directory Federation Services 2.0 locale e i Microsoft Online Services. A causa dei requisiti di verifica del dominio, potrebbe essere necessario ripetere diverse volte l'esecuzione del cmdlet per completare il processo di aggiunta del nuovo dominio Single Sign-On.

</maml:para>
	</maml:description>
	<!-- Cmdlet syntax section-->
	<command:syntax>
		<command:syntaxItem>
			<maml:name>New-MsolFederatedDomain</maml:name>
			<command:parameter required="true" variableLength="false" globbing="false" pipelineInput="false" position="named">
				<maml:name>DomainName</maml:name>
				<maml:description>
					<maml:para>Il nome del nuovo dominio Single Sign-On (o dominio con federazione delle identità) da creare nei Microsoft Online Services.</maml:para>
				</maml:description>
				<command:parameterValue required="true" variableLength="false">string</command:parameterValue>
			</command:parameter>
			<command:parameter required="false" variableLength="false" globbing="false" pipelineInput="false" position="named">
				<maml:name>SupportMultipleDomain</maml:name>
				<maml:description>
					<maml:para></maml:para>
				</maml:description>
			</command:parameter>
			<command:parameter required="false" variableLength="true" globbing="false" pipelineInput="false" position="named">
   			 <maml:name>Confirm</maml:name>
    			<maml:description>
				<maml:para>Richiede la conferma dell'utente prima di eseguire il comando.</maml:para>
    			</maml:description>
			</command:parameter>
			<command:parameter required="false" variableLength="true" globbing="false" pipelineInput="false" position="named">
   			 <maml:name>WhatIf</maml:name>
    			<maml:description>
				<maml:para>Descrive il risultato dell'esecuzione del comando senza eseguire effettivamente il comando.</maml:para>
    			</maml:description>
			</command:parameter>
		</command:syntaxItem>
	</command:syntax>
	<!-- Cmdlet parameter section  -->
	<command:parameters>
		<command:parameter required="true" variableLength="false" globbing="false" pipelineInput="false" position="named">
			<maml:name>DomainName</maml:name>
			<maml:description>
				<maml:para>Il nome del nuovo dominio Single Sign-On (o dominio con federazione delle identità) da creare nei Microsoft Online Services.</maml:para>
								
			</maml:description>
			<command:parameterValue required="true" variableLength="false">string</command:parameterValue>
			<dev:type>
				<maml:name>string</maml:name>
				<maml:uri/>
			</dev:type>
			<dev:defaultValue></dev:defaultValue>
		</command:parameter>
		<command:parameter required="false" variableLength="false" globbing="false" pipelineInput="false" position="named">
			<maml:name>SupportMultipleDomain</maml:name>
			<maml:description>
				<maml:para></maml:para>
								
			</maml:description>
			<command:parameterValue required="false" variableLength="false">SwitchParameter</command:parameterValue>
			<dev:type>
				<maml:name>SwitchParameter</maml:name>
				<maml:uri/>
			</dev:type>
			<dev:defaultValue></dev:defaultValue>
		</command:parameter>
			<command:parameter required="false" variableLength="true" globbing="false" pipelineInput="false" position="named">
   			 <maml:name>Confirm</maml:name>
    			<maml:description>
				<maml:para>Richiede la conferma dell'utente prima di eseguire il comando.</maml:para>
    			</maml:description>
    			<command:parameterValue required="false" variableLength="false">SwitchParameter</command:parameterValue>	
				<dev:type>
  				<maml:name>SwitchParameter</maml:name> 
					<maml:uri/> 
					</dev:type>
 			<dev:defaultValue/> 
			</command:parameter>
			<command:parameter required="false" variableLength="true" globbing="false" pipelineInput="false" position="named">
   			 <maml:name>WhatIf</maml:name>
    			<maml:description>
				<maml:para>Descrive il risultato dell'esecuzione del comando senza eseguire effettivamente il comando.</maml:para>
    			</maml:description>
    			<command:parameterValue required="false" variableLength="false">SwitchParameter</command:parameterValue>	
				<dev:type>
  				<maml:name>SwitchParameter</maml:name> 
					<maml:uri/> 
					</dev:type>
 			<dev:defaultValue/> 
			</command:parameter>
	</command:parameters>
	<!-- Input - Output section-->
	<command:inputTypes>
		<command:inputType>
			<dev:type>
				<maml:name></maml:name>
				<maml:uri/>
				<maml:description/>
			</dev:type>
			<maml:description>
				<maml:para>
					<!-- description  -->
					
				</maml:para>
			</maml:description>
		</command:inputType>
	</command:inputTypes>
	<command:returnValues>
		<command:returnValue>
			<dev:type>
				<maml:name></maml:name>
				<maml:uri/>
				<maml:description/>
			</dev:type>   
			<maml:description>
				<maml:para>
					<!-- description  -->
					
				</maml:para>
			</maml:description> 
		</command:returnValue>
	</command:returnValues>
	<!-- Error section-->
	<command:terminatingErrors/>
	<command:nonTerminatingErrors/>
		<!-- Notes section  -->
	<maml:alertSet>
		<maml:title></maml:title>
		<maml:alert>
			<maml:para>
                          
                        </maml:para>
		</maml:alert>
		<maml:alert>
			<maml:para></maml:para>
		</maml:alert>
	</maml:alertSet>
	<!-- Example section  --> 
	<command:examples>
    <command:example>
      <maml:title>Example 1: Adds a new single sign-on domain to Microsoft Online Services and establishes the relying party trust.</maml:title>
      <dev:code>PS C:\&gt;New-MsolFederatedDomain -DomainName Contoso.com</dev:code>
      <dev:remarks>
        <maml:para>The New-MsolFederatedDomain cmdlet adds a new single sign-on domain to Microsoft Online Services and configures the relying party trust settings between the on-premises Active Directory Federation Services (ADFS) server and Microsoft Online.</maml:para>
      </dev:remarks>
    </command:example>
    <command:example>
      <maml:title>Example 2: Adds a new single sign-on domain to Microsoft Online Services and establishes the relying party trust.</maml:title>
      <dev:code>PS C:\&gt;New-MsolFederatedDomain -DomainName Contoso.com -SupportMultipleDomain</dev:code>
      <dev:remarks>
        <maml:para>Use the SupportMultipleDomain switch if you need support for multiple top-level domains.</maml:para>
      </dev:remarks>
    </command:example>
	</command:examples>
	<!-- Link section  -->
	<maml:relatedLinks>
		<maml:navigationLink>
			<maml:linkText></maml:linkText>
			<maml:uri/>
		</maml:navigationLink>
	</maml:relatedLinks>
</command:command>

<!-- v 1.3.0.36 -->
<command:command xmlns:maml="http://schemas.microsoft.com/maml/2004/10" xmlns:command="http://schemas.microsoft.com/maml/dev/command/2004/10" xmlns:dev="http://schemas.microsoft.com/maml/dev/2004/10">
	<command:details>
		<command:name>
                   Remove-MsolFederatedDomain
		</command:name>
		<maml:description>
			<maml:para>Rimuove il dominio Single Sign-On specificato dall'elenco dei domini in Microsoft Online.</maml:para>
		</maml:description>
		<maml:copyright>
			<maml:para></maml:para>
		</maml:copyright>
		<command:verb>Remove</command:verb>
		<command:noun>MsolFederatedDomain</command:noun>
		<dev:version></dev:version>
	</command:details>
	<maml:description>
		<maml:para>Questo cmdlet elimina dai Microsoft Online Services il dominio Single Sign-On specificato Online e le impostazioni associate del trust della relying party in Active Directory Federation Services 2.0. 
      
Nota: non sarà possibile rimuovere un dominio a cui sono associati oggetti.</maml:para>
	</maml:description>
	<!-- Cmdlet syntax section-->
	<command:syntax>
		<command:syntaxItem>
			<maml:name>Remove-MsolFederatedDomain</maml:name>
			<command:parameter required="true" variableLength="false" globbing="false" pipelineInput="false" position="named">
				<maml:name>DomainName</maml:name>
				<maml:description>
					<maml:para>Il nome di dominio da rimuovere</maml:para>
				</maml:description>
				<command:parameterValue required="true" variableLength="false">string</command:parameterValue>
			</command:parameter>
			<command:parameter required="false" variableLength="false" globbing="false" pipelineInput="false" position="named">
				<maml:name>SupportMultipleDomain</maml:name>
				<maml:description>
					<maml:para></maml:para>
				</maml:description>
				<command:parameterValue required="true" variableLength="false">Boolean</command:parameterValue>
			</command:parameter>
			<command:parameter required="false" variableLength="true" globbing="false" pipelineInput="false" position="named">
   			 <maml:name>Confirm</maml:name>
    			<maml:description>
				<maml:para>Richiede la conferma dell'utente prima di eseguire il comando.</maml:para>
    			</maml:description>
			</command:parameter>
			<command:parameter required="false" variableLength="true" globbing="false" pipelineInput="false" position="named">
   			 <maml:name>WhatIf</maml:name>
    			<maml:description>
				<maml:para>Descrive il risultato dell'esecuzione del comando senza eseguire effettivamente il comando.</maml:para>
    			</maml:description>
			</command:parameter>
		</command:syntaxItem>
	</command:syntax>
	<!-- Cmdlet parameter section  -->
	<command:parameters>
		<command:parameter required="true" variableLength="false" globbing="false" pipelineInput="false" position="named">
			<maml:name>DomainName</maml:name>
			<maml:description>
				<maml:para>Il nome di dominio da rimuovere</maml:para>
								
			</maml:description>
			<command:parameterValue required="true" variableLength="false">string</command:parameterValue>
			<dev:type>
				<maml:name>string</maml:name>
				<maml:uri/>
			</dev:type>
			<dev:defaultValue></dev:defaultValue>
		</command:parameter>
		<command:parameter required="false" variableLength="false" globbing="false" pipelineInput="false" position="named">
			<maml:name>SupportMultipleDomain</maml:name>
			<maml:description>
				<maml:para></maml:para>
								
			</maml:description>
			<command:parameterValue required="true" variableLength="false">Boolean</command:parameterValue>
			<dev:type>
				<maml:name>Boolean</maml:name>
				<maml:uri/>
			</dev:type>
			<dev:defaultValue></dev:defaultValue>
		</command:parameter>
			<command:parameter required="false" variableLength="true" globbing="false" pipelineInput="false" position="named">
   			 <maml:name>Confirm</maml:name>
    			<maml:description>
				<maml:para>Richiede la conferma dell'utente prima di eseguire il comando.</maml:para>
    			</maml:description>
    			<command:parameterValue required="false" variableLength="false">SwitchParameter</command:parameterValue>	
				<dev:type>
  				<maml:name>SwitchParameter</maml:name> 
					<maml:uri/> 
					</dev:type>
 			<dev:defaultValue/> 
			</command:parameter>
			<command:parameter required="false" variableLength="true" globbing="false" pipelineInput="false" position="named">
   			 <maml:name>WhatIf</maml:name>
    			<maml:description>
				<maml:para>Descrive il risultato dell'esecuzione del comando senza eseguire effettivamente il comando.</maml:para>
    			</maml:description>
    			<command:parameterValue required="false" variableLength="false">SwitchParameter</command:parameterValue>	
				<dev:type>
  				<maml:name>SwitchParameter</maml:name> 
					<maml:uri/> 
					</dev:type>
 			<dev:defaultValue/> 
			</command:parameter>
	</command:parameters>
	<!-- Input - Output section-->
	<command:inputTypes>
		<command:inputType>
			<dev:type>
				<maml:name></maml:name>
				<maml:uri/>
				<maml:description/>
			</dev:type>
			<maml:description>
				<maml:para>
					<!-- description  -->
					
				</maml:para>
			</maml:description>
		</command:inputType>
	</command:inputTypes>
	<command:returnValues>
		<command:returnValue>
			<dev:type>
				<maml:name></maml:name>
				<maml:uri/>
				<maml:description/>
			</dev:type>   
			<maml:description>
				<maml:para>
					<!-- description  -->
					
				</maml:para>
			</maml:description> 
		</command:returnValue>
	</command:returnValues>
	<!-- Error section-->
	<command:terminatingErrors/>
	<command:nonTerminatingErrors/>
		<!-- Notes section  -->
	<maml:alertSet>
		<maml:title></maml:title>
		<maml:alert>
			<maml:para>
                          
                        </maml:para>
		</maml:alert>
		<maml:alert>
			<maml:para></maml:para>
		</maml:alert>
	</maml:alertSet>
	<!-- Example section  --> 
	<command:examples>
    <command:example>
      <maml:title>Example 1: Removes a single sign-on domain from the domains in Microsoft Online.</maml:title>
      <dev:code>PS C:\&gt;Remove-MsolFederatedDomain -DomainName Contoso.com</dev:code>
      <dev:remarks>
        <maml:para>The Remove-MsolFederatedDomain cmdlet removes the specified single sign-on domain from Microsoft Online and the associated relying party trust settings in Active Directory Federation Services (ADFS).</maml:para>
      </dev:remarks>
    </command:example>
    <command:example>
      <maml:title>Example 2: Removes a single sign-on domain from the domains in Microsoft Online.</maml:title>
      <dev:code>PS C:\&gt;Remove-MsolFederatedDomain -DomainName Contoso.com -SupportMultipleDomain</dev:code>
      <dev:remarks>
        <maml:para>The SupportMultipleDomain switch indicates this configuration is part of a multi-domain setup and provides additional logic checks when removing a domain.</maml:para>
      </dev:remarks>
    </command:example>
	</command:examples>
	<!-- Link section  -->
	<maml:relatedLinks>
		<maml:navigationLink>
			<maml:linkText></maml:linkText>
			<maml:uri/>
		</maml:navigationLink>
	</maml:relatedLinks>
</command:command>

<!-- v 1.3.0.36 -->
<command:command xmlns:maml="http://schemas.microsoft.com/maml/2004/10" xmlns:command="http://schemas.microsoft.com/maml/dev/command/2004/10" xmlns:dev="http://schemas.microsoft.com/maml/dev/2004/10">
	<command:details>
		<command:name>
                   Set-MsolADFSContext
		</command:name>
		<maml:description>
			<maml:para>Imposta il contesto e le credenziali per la connessione ai Microsoft Online Services e al server Active Directory Federation Services 2.0. Questo cmdlet registra inoltre il percorso del file registro.</maml:para>
		</maml:description>
		<maml:copyright>
			<maml:para></maml:para>
		</maml:copyright>
		<command:verb>Set</command:verb>
		<command:noun>MsolADFSContext</command:noun>
		<dev:version></dev:version>
	</command:details>
	<maml:description>
		<maml:para>Il cmdlet Set-MsolADFSContext definisce le credenziali per la connessione ai Microsoft Online Services e al server Active Directory Federation Services 2.0 (AD FS 2.0). È necessario eseguire questo cmdlet prima di qualsiasi altra chiamata a cmdlet per Single Sign-On (o federazione delle identità). Se questo cmdlet viene richiamato senza parametri, all'utente verranno chieste le credenziali per la connessione ai diversi sistemi. Utilizzando il server AD FS 2.0 in remoto, l'utente deve specificare il nome del computer del server AD FS 2.0 primario. Notare che il file registro specificato viene condiviso da tutti i cmdlet Single Sign-On della sessione. Se non viene specificato alcun file registro, ne verrà creato uno.
</maml:para>
	</maml:description>
	<!-- Cmdlet syntax section-->
	<command:syntax>
		<command:syntaxItem>
			<maml:name>Set-MsolADFSContext</maml:name>
			<command:parameter required="true" variableLength="false" globbing="false" pipelineInput="false" position="named">
				<maml:name>Computer</maml:name>
				<maml:description>
					<maml:para>Il nome computer del server ADFS 2.0 primario, da specificare quando il server ADFS 2.0 viene utilizzato in modalità remota.</maml:para>
				</maml:description>
				<command:parameterValue required="true" variableLength="false">string</command:parameterValue>
			</command:parameter>
			<command:parameter required="false" variableLength="false" globbing="false" pipelineInput="false" position="named">
				<maml:name>ADFSUserCredentials</maml:name>
				<maml:description>
					<maml:para>L'oggetto credenziale utilizzato per stabilire la sessione amministrativa sul server Active Directory Federation Services 2.0.</maml:para>
				</maml:description>
				<command:parameterValue required="true" variableLength="false">PSCredential</command:parameterValue>
			</command:parameter>
			<command:parameter required="false" variableLength="false" globbing="false" pipelineInput="false" position="named">
				<maml:name>LogFile</maml:name>
				<maml:description>
					<maml:para>Il file di log utilizzato per registrare tutte le operazioni del cmdlet Single Sign-On per la sessione di Windows PowerShell. Se non specificato, il modulo di Windows PowerShell crea automaticamente un file di log in %USERPROFILE%\Documents\MicrosoftOnline</maml:para>
				</maml:description>
				<command:parameterValue required="true" variableLength="false">string</command:parameterValue>
			</command:parameter>
		</command:syntaxItem>
	</command:syntax>
	<!-- Cmdlet parameter section  -->
	<command:parameters>
		<command:parameter required="false" variableLength="false" globbing="false" pipelineInput="false" position="named">
			<maml:name>ADFSUserCredentials</maml:name>
			<maml:description>
				<maml:para>L'oggetto credenziale utilizzato per stabilire la sessione amministrativa sul server Active Directory Federation Services 2.0.</maml:para>
								
			</maml:description>
			<command:parameterValue required="true" variableLength="false">PSCredential</command:parameterValue>
			<dev:type>
				<maml:name>PSCredential</maml:name>
				<maml:uri/>
			</dev:type>
			<dev:defaultValue></dev:defaultValue>
		</command:parameter>
		<command:parameter required="true" variableLength="false" globbing="false" pipelineInput="false" position="named">
			<maml:name>Computer</maml:name>
			<maml:description>
				<maml:para>Il nome computer del server ADFS 2.0 primario, da specificare quando il server ADFS 2.0 viene utilizzato in modalità remota.</maml:para>
								
			</maml:description>
			<command:parameterValue required="true" variableLength="false">string</command:parameterValue>
			<dev:type>
				<maml:name>string</maml:name>
				<maml:uri/>
			</dev:type>
			<dev:defaultValue></dev:defaultValue>
		</command:parameter>
		<command:parameter required="false" variableLength="false" globbing="false" pipelineInput="false" position="named">
			<maml:name>LogFile</maml:name>
			<maml:description>
				<maml:para>Il file di log utilizzato per registrare tutte le operazioni del cmdlet Single Sign-On per la sessione di Windows PowerShell. Se non specificato, il modulo di Windows PowerShell crea automaticamente un file di log in %USERPROFILE%\Documents\MicrosoftOnline</maml:para>
								
			</maml:description>
			<command:parameterValue required="true" variableLength="false">string</command:parameterValue>
			<dev:type>
				<maml:name>string</maml:name>
				<maml:uri/>
			</dev:type>
			<dev:defaultValue></dev:defaultValue>
		</command:parameter>
	</command:parameters>
	<!-- Input - Output section-->
	<command:inputTypes>
		<command:inputType>
			<dev:type>
				<maml:name></maml:name>
				<maml:uri/>
				<maml:description/>
			</dev:type>
			<maml:description>
				<maml:para>
					<!-- description  -->
					
				</maml:para>
			</maml:description>
		</command:inputType>
	</command:inputTypes>
	<command:returnValues>
		<command:returnValue>
			<dev:type>
				<maml:name></maml:name>
				<maml:uri/>
				<maml:description/>
			</dev:type>   
			<maml:description>
				<maml:para>
					<!-- description  -->
					
				</maml:para>
			</maml:description> 
		</command:returnValue>
	</command:returnValues>
	<!-- Error section-->
	<command:terminatingErrors/>
	<command:nonTerminatingErrors/>
		<!-- Notes section  -->
	<maml:alertSet>
		<maml:title></maml:title>
		<maml:alert>
			<maml:para>
                          
                        </maml:para>
		</maml:alert>
		<maml:alert>
			<maml:para></maml:para>
		</maml:alert>
	</maml:alertSet>
	<!-- Example section  --> 
	<command:examples>
	</command:examples>
	<!-- Link section  -->
	<maml:relatedLinks>
		<maml:navigationLink>
			<maml:linkText></maml:linkText>
			<maml:uri/>
		</maml:navigationLink>
	</maml:relatedLinks>
</command:command>

<!-- v 1.3.0.36 -->
<command:command xmlns:maml="http://schemas.microsoft.com/maml/2004/10" xmlns:command="http://schemas.microsoft.com/maml/dev/command/2004/10" xmlns:dev="http://schemas.microsoft.com/maml/dev/2004/10">
	<command:details>
		<command:name>
                   Update-MsolFederatedDomain
		</command:name>
		<maml:description>
			<maml:para>Aggiorna le impostazioni sia del server Active Directory Federation Services 2.0 che di Microsoft Online.</maml:para>
		</maml:description>
		<maml:copyright>
			<maml:para></maml:para>
		</maml:copyright>
		<command:verb>Update</command:verb>
		<command:noun>MsolFederatedDomain</command:noun>
		<dev:version></dev:version>
	</command:details>
	<maml:description>
		<maml:para>Il cmdlet Update-MSOLFederatedDomain modifica le impostazioni del server Active Directory Federation Services 2.0 e dei Microsoft Online Services. È necessario eseguire questo cmdlet quando gli URL o le informazioni sul certificato in Active Directory Federation Services 2.0 cambiano a causa di modifiche della configurazione o della regolare manutenzione dei certificati, ad esempio nell'imminenza della scadenza del certificato. Questo cmdlet dovrebbe essere eseguito anche in caso di modifiche apportate nei Microsoft Online Services. Per confermare la correttezza delle informazioni dei due sistemi, è possibile utilizzare il cmdlet Get-MSOLFederationProperty in modo da recuperare le impostazioni.</maml:para>
	</maml:description>
	<!-- Cmdlet syntax section-->
	<command:syntax>
		<command:syntaxItem>
			<maml:name>Update-MsolFederatedDomain</maml:name>
			<command:parameter required="true" variableLength="false" globbing="false" pipelineInput="false" position="named">
				<maml:name>DomainName</maml:name>
				<maml:description>
					<maml:para>Il nome del nuovo dominio Single Sign-On (o dominio con federazione delle identità) da aggiornare.</maml:para>
				</maml:description>
				<command:parameterValue required="true" variableLength="false">string</command:parameterValue>
			</command:parameter>
			<command:parameter required="false" variableLength="false" globbing="false" pipelineInput="false" position="named">
				<maml:name>SupportMultipleDomain</maml:name>
				<maml:description>
					<maml:para></maml:para>
				</maml:description>
				<command:parameterValue required="true" variableLength="false">Boolean</command:parameterValue>
			</command:parameter>
			<command:parameter required="false" variableLength="true" globbing="false" pipelineInput="false" position="named">
   			 <maml:name>Confirm</maml:name>
    			<maml:description>
				<maml:para>Richiede la conferma dell'utente prima di eseguire il comando.</maml:para>
    			</maml:description>
			</command:parameter>
			<command:parameter required="false" variableLength="true" globbing="false" pipelineInput="false" position="named">
   			 <maml:name>WhatIf</maml:name>
    			<maml:description>
				<maml:para>Descrive il risultato dell'esecuzione del comando senza eseguire effettivamente il comando.</maml:para>
    			</maml:description>
			</command:parameter>
		</command:syntaxItem>
	</command:syntax>
	<!-- Cmdlet parameter section  -->
	<command:parameters>
		<command:parameter required="true" variableLength="false" globbing="false" pipelineInput="false" position="named">
			<maml:name>DomainName</maml:name>
			<maml:description>
				<maml:para>Il nome del nuovo dominio Single Sign-On (o dominio con federazione delle identità) da aggiornare.</maml:para>
								
			</maml:description>
			<command:parameterValue required="true" variableLength="false">string</command:parameterValue>
			<dev:type>
				<maml:name>string</maml:name>
				<maml:uri/>
			</dev:type>
			<dev:defaultValue></dev:defaultValue>
		</command:parameter>
		<command:parameter required="false" variableLength="false" globbing="false" pipelineInput="false" position="named">
			<maml:name>SupportMultipleDomain</maml:name>
			<maml:description>
				<maml:para></maml:para>
								
			</maml:description>
			<command:parameterValue required="true" variableLength="false">Boolean</command:parameterValue>
			<dev:type>
				<maml:name>Boolean</maml:name>
				<maml:uri/>
			</dev:type>
			<dev:defaultValue></dev:defaultValue>
		</command:parameter>
			<command:parameter required="false" variableLength="true" globbing="false" pipelineInput="false" position="named">
   			 <maml:name>Confirm</maml:name>
    			<maml:description>
				<maml:para>Richiede la conferma dell'utente prima di eseguire il comando.</maml:para>
    			</maml:description>
    			<command:parameterValue required="false" variableLength="false">SwitchParameter</command:parameterValue>	
				<dev:type>
  				<maml:name>SwitchParameter</maml:name> 
					<maml:uri/> 
					</dev:type>
 			<dev:defaultValue/> 
			</command:parameter>
			<command:parameter required="false" variableLength="true" globbing="false" pipelineInput="false" position="named">
   			 <maml:name>WhatIf</maml:name>
    			<maml:description>
				<maml:para>Descrive il risultato dell'esecuzione del comando senza eseguire effettivamente il comando.</maml:para>
    			</maml:description>
    			<command:parameterValue required="false" variableLength="false">SwitchParameter</command:parameterValue>	
				<dev:type>
  				<maml:name>SwitchParameter</maml:name> 
					<maml:uri/> 
					</dev:type>
 			<dev:defaultValue/> 
			</command:parameter>
	</command:parameters>
	<!-- Input - Output section-->
	<command:inputTypes>
		<command:inputType>
			<dev:type>
				<maml:name></maml:name>
				<maml:uri/>
				<maml:description/>
			</dev:type>
			<maml:description>
				<maml:para>
					<!-- description  -->
					
				</maml:para>
			</maml:description>
		</command:inputType>
	</command:inputTypes>
	<command:returnValues>
		<command:returnValue>
			<dev:type>
				<maml:name></maml:name>
				<maml:uri/>
				<maml:description/>
			</dev:type>   
			<maml:description>
				<maml:para>
					<!-- description  -->
					
				</maml:para>
			</maml:description> 
		</command:returnValue>
	</command:returnValues>
	<!-- Error section-->
	<command:terminatingErrors/>
	<command:nonTerminatingErrors/>
		<!-- Notes section  -->
	<maml:alertSet>
		<maml:title></maml:title>
		<maml:alert>
			<maml:para>
                          
                        </maml:para>
		</maml:alert>
		<maml:alert>
			<maml:para></maml:para>
		</maml:alert>
	</maml:alertSet>
	<!-- Example section  --> 
	<command:examples>
    <command:example>
      <maml:title>Example 1: Updates the settings in both the Active Directory Federation Services 2.0 server and Microsoft Online.</maml:title>
      <dev:code>PS C:\&gt;Update-MsolFederatedDomain -DomainName Contoso.com</dev:code>
      <dev:remarks>
        <maml:para>It is necessary to run this cmdlet whenever the URLs or certificate information within Active Directory Federation Services (ADFS) change due to configuration changes or through regular maintenance of the certificates, such as when a certificate is about to expire. </maml:para>
      </dev:remarks>
    </command:example>
    <command:example>
      <maml:title>Example 2: Updates the settings in both the Active Directory Federation Services 2.0 server and Microsoft Online.</maml:title>
      <dev:code>PS C:\&gt;Update-MsolFederatedDomain -DomainName Contoso.com -SupportMultipleDomain</dev:code>
      <dev:remarks>
        <maml:para>Use the SupportMultipleDomain switch if you need support for multiple top-level domains.</maml:para>
      </dev:remarks>
    </command:example>
	</command:examples>
	<!-- Link section  -->
	<maml:relatedLinks>
		<maml:navigationLink>
			<maml:linkText></maml:linkText>
			<maml:uri/>
		</maml:navigationLink>
	</maml:relatedLinks>
</command:command>

</helpItems>
